TestedPhoneme,Word,Frequency,ARPAbetTranscription
B,BOOK,0.00022523387982778862,B UH1 K
B,BED,7.368365541707201e-05,B EH1 D
B,BAR,7.136209904571e-05,B AA1 R
B,BEAR,5.387760354905512e-05,B EH1 R
B,BELL,3.280661185423948e-05,B EH1 L
B,BEACH,3.001974496733291e-05,B IY1 CH
B,BEAM,2.8482609014515602e-05,B IY1 M
B,BOUGHT,2.8279014606557037e-05,B AA1 T
B,BULL,2.4611126802550165e-05,B UH1 L
B,BEAT,2.012506014477541e-05,B IY1 T
B,BEN,1.8054696809085184e-05,B EH1 N
B,BUSH,1.7878595052901736e-05,B UH1 SH
B,BARE,1.673931632416136e-05,B EH1 R
B,BOB,1.4591311541126902e-05,B AA1 B
B,BEEF,1.3887164339148751e-05,B IY1 F
B,BEG,1.2053405917551794e-05,B EH1 G
B,BOSS,9.6088652733229e-06,B AA1 S
B,BOMB,8.656984833484538e-06,B AA1 M
B,BET,8.097878303155222e-06,B EH1 T
B,BOOM,8.076169836579764e-06,B UW1 M
B,BEES,7.885063441413782e-06,B IY1 Z
B,BOOTH,7.602427847334955e-06,B UW1 TH
B,BEAN,7.219597790225151e-06,B IY1 N
B,BOOT,5.382215867461919e-06,B UW1 T
B,BECK,5.0947572821927235e-06,B EH1 K
B,BETH,4.809038858577849e-06,B EH1 TH
B,BELLE,4.277126108761388e-06,B EH1 L
B,BEET,4.099742760565553e-06,B IY1 T
B,BACH,3.78597048804826e-06,B AA1 K
B,BOM,3.6065350907669648e-06,B AA1 M
B,BARR,2.86209884114313e-06,B AA1 R
B,BOON,2.8278778313029754e-06,B UW1 N
B,BEAD,2.7449057621822185e-06,B IY1 D
B,BONN,2.7050452468656774e-06,B AA1 N
B,BEECH,2.656261146541006e-06,B IY1 CH
B,BOONE,2.6364114890053896e-06,B UW1 N
B,BON,2.4089619478506158e-06,B AA1 N
B,BEAK,2.297167575241888e-06,B IY1 K
B,BOG,2.2228923094176943e-06,B AA1 G
B,BEL,1.9689048024126547e-06,B EH1 L
B,BIEN,1.5045014137143635e-06,B IY1 N
B,BESS,1.3059707960703694e-06,B EH1 S
B,BEDE,1.1910705653191205e-06,B IY1 D
B,BEIN,1.0973486425725808e-06,B IY1 N
B,BEALE,1.096828997061308e-06,B IY1 L
B,BUSCH,1.0754138949074348e-06,B UH1 SH
B,BAER,1.0669208447159662e-06,B EH1 R
B,BOS,1.0584498218872104e-06,B AA1 S
B,BALM,1.0293812124343586e-06,B AA1 M
B,BOCK,9.032840727186305e-07,B AA1 K
B,BEAL,7.896464103483356e-07,B IY1 L
B,BENN,7.874136367642536e-07,B EH1 N
B,BEV,7.369784854798732e-07,B EH1 V
B,BIER,7.09783203101379e-07,B IY1 R
B,BOOZE,6.996205789406472e-07,B UW1 Z
B,BUTCH,6.889873702128667e-07,B UH1 CH
B,BOP,6.054746294618838e-07,B AA1 P
B,BOL,5.930587062199967e-07,B AA1 L
B,BEALL,5.770463153933461e-07,B IY1 L
B,BAHT,5.368974418740178e-07,B AA1 T
B,BOK,5.198848085314488e-07,B AA1 K
B,BONNE,5.194913197338954e-07,B AA1 N
B,BEC,5.130543236029255e-07,B EH1 K
B,BAHR,4.975310403528777e-07,B EH1 R
B,BES,4.800828659748489e-07,B IY1 Z
B,BEENE,4.758676297466045e-07,B IY1 N
B,BOHM,4.706271199084498e-07,B AA1 M
B,BEEP,3.9628076577731903e-07,B IY1 P
B,BEM,3.6767773467271754e-07,B EH1 M
B,BOTT,3.133953042417744e-07,B AA1 T
B,BONG,2.9895136176465944e-07,B AA1 NG
B,BEHN,2.876878700901617e-07,B EH1 N
B,BEHR,2.707558368702469e-07,B EH1 R
B,BEGG,2.634687847873104e-07,B EH1 G
B,BOOR,2.599133681966938e-07,B UH1 R
B,BAIR,2.3281220273160933e-07,B EH1 R
B,BOOS,2.22029308061757e-07,B UW1 Z
B,BOULE,2.0888748309410334e-07,B UW1 L
B,BOOLE,1.9759495535057493e-07,B UW1 L
B,BAAS,1.9444554310450775e-07,B AA1 Z
B,BOSH,1.8762056501666261e-07,B AA1 SH
B,BETT,1.757773532053113e-07,B EH1 T
B,BOOZ,1.7381441481446256e-07,B UW1 Z
B,BOPP,1.6925324886724941e-07,B AA1 P
B,BEEK,1.657544025490546e-07,B IY1 K
B,BOCHE,1.611051271509898e-07,B AA1 CH
B,BOOTHE,1.5825408554530666e-07,B UW1 DH
B,BEAS,1.5173849177920203e-07,B IY1 Z
B,BESSE,1.4779158887855133e-07,B EH1 S
B,BOOB,1.3853108534528944e-07,B UW1 B
B,BEANE,1.276951247561742e-07,B IY1 N
B,BOSSE,1.2560602965160603e-07,B AA1 S
B,BIEL,1.2554695626978503e-07,B IY1 L
B,BOOED,1.1038362015134144e-07,B UW1 D
B,BAEHR,9.634668326253562e-08,B IY1 R
B,BOTCH,8.944260691767592e-08,B AA1 CH
B,BOLLE,8.768242038816199e-08,B AA1 L
B,BAHL,8.508919905059595e-08,B AA1 L
B,BEEM,8.48268731855603e-08,B IY1 M
B,BEHM,8.269572584308566e-08,B EH1 M
B,BAADE,8.082840623128618e-08,B AA1 D
B,BAEK,7.955582541273544e-08,B IY1 K
B,BEEDE,7.884444172148421e-08,B IY1 D
B,BENNE,7.636285906312227e-08,B EH1 N
B,BIEHL,7.550529378295806e-08,B IY1 L
B,BAAR,6.75929649721026e-08,B AA1 R
B,BUTH,6.727957567532338e-08,B UW1 TH
B,BOBB,6.475093456025658e-08,B AA1 B
B,BEIL,6.346483695095017e-08,B IY1 L
B,BEBB,6.199751422114206e-08,B EH1 B
B,BEEL,6.143631709384254e-08,B IY1 L
B,BOOSE,5.544587567968902e-08,B UW1 S
B,BOOP,5.3164041151382835e-08,B UW1 P
B,BOOTE,5.2662918649663994e-08,B UW1 T
B,BOCH,5.124715997347929e-08,B AA1 K
B,BEINE,4.138140458749205e-08,B IY1 N
B,BESCH,3.432764230056048e-08,B EH1 SH
B,BEECK,3.034970084335976e-08,B IY1 K
B,BEESE,2.44613862926934e-08,B IY1 Z
B,BEHL,2.333498706305564e-08,B EH1 L
B,BUECHE,2.250695847380193e-08,B UW1 CH
B,BANH,2.2311715940664717e-08,B AA1 N
B,BEHNE,2.009496225673761e-08,B EH1 N
B,BAAB,1.8243161923213133e-08,B AA1 B
B,BOUTTE,1.680287277491632e-08,B UW1 T
B,BOHLKE,1.6302250895077317e-08,B AA1 K
B,BUUS,1.3362098594782849e-08,B UW1 Z
B,BIEHN,1.3271986656411827e-08,B IY1 N
B,BETSCH,1.1447219904398659e-08,B EH1 CH
B,BEAHM,1.0399918931775463e-08,B IY1 M
B,BAHRE,1.0123575654104333e-08,B AA1 R
B,BAACK,8.548118598250987e-09,B AA1 K
B,BOOCK,7.931352442289336e-09,B UW1 K
B,BUEGE,5.384688939548324e-09,B UW1 JH
B,BAASCH,5.153401631062704e-09,B AA1 SH
B,BIEV,4.05503722669593e-10,B IY1 V
D,DEATH,0.00019017354036006463,D EH1 TH
D,DEEP,9.159082646749682e-05,D IY1 P
D,DEAL,8.928641989987247e-05,D IY1 L
D,DEAD,7.610523754189148e-05,D EH1 D
D,DEBT,5.953793639750844e-05,D EH1 T
D,DES,3.9215244251363347e-05,D EH1 S
D,DUKE,3.1351553859865535e-05,D UW1 K
D,DEED,2.613203309464497e-05,D IY1 D
D,DON,2.3704662779650795e-05,D AA1 N
D,DEAN,2.118282361406536e-05,D IY1 N
D,DEL,1.8206678603097988e-05,D EH1 L
D,DEC,1.585615424728098e-05,D EH1 K
D,DECK,1.5707661287148772e-05,D EH1 K
D,DARE,1.2148771882551724e-05,D EH1 R
D,DEN,1.1414901257701893e-05,D EH1 N
D,DOCK,9.677670243866093e-06,D AA1 K
D,DOC,9.394394354402952e-06,D AA1 K
D,DEAF,9.29866293543074e-06,D EH1 F
D,DUES,8.761386022171803e-06,D UW1 Z
D,DEEM,7.330417452033832e-06,D IY1 M
D,DOT,7.129099371762894e-06,D AA1 T
D,DODGE,5.293695906668787e-06,D AA1 JH
D,DEP,4.732641456605018e-06,D EH1 P
D,DOLL,4.005295436715127e-06,D AA1 L
D,DIEM,3.730231247946985e-06,D IY1 M
D,DOM,3.5558946845118505e-06,D AA1 M
D,DEV,3.3399919870155634e-06,D EH1 V
D,DOOM,3.1420946560495655e-06,D UW1 M
D,DODD,2.8382407042156428e-06,D AA1 D
D,DELL,2.5553242612622267e-06,D EH1 L
D,DAR,2.48805569926826e-06,D AA1 R
D,DOL,1.5791030850042122e-06,D AA1 L
D,DUNE,1.4752055219280649e-06,D UW1 N
D,DEANE,1.3396831740806077e-06,D IY1 N
D,DELLE,1.2726919566080718e-06,D EH1 L
D,DENG,1.2653698609935465e-06,D EH1 NG
D,DEB,1.2069047347565483e-06,D EH1 B
D,DAHL,1.069098549893266e-06,D AA1 L
D,DUDE,1.0583161558452933e-06,D UW1 D
D,DOER,6.771266366357211e-07,D UW1 R
D,DUCE,6.379885186917876e-07,D UW1 S
D,DEIS,6.18717580049265e-07,D IY1 Z
D,DEUCE,5.091079213241547e-07,D UW1 S
D,DIEHL,5.071344698738293e-07,D IY1 L
D,DEWS,5.040931919538073e-07,D UW1 Z
D,DUPE,4.1704956508431996e-07,D UW1 P
D,DENN,3.9848500391425014e-07,D EH1 N
D,DEEN,3.781407319613527e-07,D IY1 N
D,DOUCHE,3.6107553332140077e-07,D UW1 SH
D,DONN,3.0534330192644384e-07,D AA1 N
D,DEDE,2.732048791064193e-07,D IY1 D
D,DEES,2.5535420473699995e-07,D IY1 Z
D,DOV,2.2438873898143824e-07,D AA1 V
D,DUBE,2.202115500160616e-07,D UW1 B
D,DIEL,1.9013418747533426e-07,D IY1 L
D,DOB,1.868566160280283e-07,D AA1 B
D,DEAS,1.853667653136274e-07,D IY1 Z
D,DERR,1.621564330986517e-07,D EH1 R
D,DUQUE,1.4069927870687214e-07,D UW1 K
D,DOBB,1.3376065945230356e-07,D AA1 B
D,DEALE,1.3365502823565752e-07,D IY1 L
D,DOTT,1.296039959840003e-07,D AA1 T
D,DEEL,1.1977378475148163e-07,D IY1 L
D,DENNE,1.1799257210301447e-07,D EH1 N
D,DARR,1.1199662384818272e-07,D EH1 R
D,DEHN,1.025433808911828e-07,D EH1 N
D,DEAK,9.989809487811351e-08,D IY1 K
D,DEET,8.442687630356894e-08,D IY1 T
D,DEASE,7.874782169867528e-08,D IY1 S
D,DEPP,6.855866457831203e-08,D EH1 P
D,DESCH,6.523453529618105e-08,D EH1 SH
D,DEAM,5.962056153566647e-08,D IY1 M
D,DEESE,5.677102179562286e-08,D IY1 Z
D,DUERR,5.496227494376454e-08,D UH1 R
D,DUVE,5.4520726445746537e-08,D UW1 V
D,DIEP,5.167018546194325e-08,D IY1 P
D,DEPPE,4.961112767016543e-08,D EH1 P
D,DULE,4.885468800972869e-08,D UW1 L
D,DEEB,4.830300269814611e-08,D IY1 B
D,DOSH,4.830200145438643e-08,D AA1 SH
D,DOHM,4.650927450268296e-08,D AA1 M
D,DEMME,4.399815515341052e-08,D EH1 M
D,DOPP,3.852936173804924e-08,D AA1 P
D,DEEG,3.660697371946747e-08,D IY1 G
D,DAGUE,3.622850357830918e-08,D AA1 G
D,DAANE,3.3102119938714605e-08,D AA1 N
D,DAZS,3.107059635032793e-08,D AA1 S
D,DOLLE,2.900853482727107e-08,D AA1 L
D,DAAS,2.5954240738373307e-08,D AA1 S
D,DIETSCH,2.5384533039116523e-08,D IY1 CH
D,DOHN,2.207392054774119e-08,D AA1 N
D,DEHNE,1.956580492974778e-08,D EH1 N
D,DIEHM,1.8895972854523194e-08,D IY1 M
D,DIECK,1.748722288465624e-08,D IY1 K
D,DOOSE,1.5664959242042264e-08,D UW1 S
D,DIEDE,1.4709272073429607e-08,D IY1 D
D,DEAHL,1.4587620956628728e-08,D IY1 L
D,DECH,1.4586119090989211e-08,D EH1 K
D,DUHE,1.3218920737148893e-08,D UW1 HH
D,DEIKE,1.206949290103854e-08,D IY1 K
D,DUWE,1.0811930738882964e-08,D UW1 W
D,DOUPE,1.05621204208433e-08,D UW1 P
D,DEHM,1.0002925781063132e-08,D EH1 M
D,DEUSS,7.017216889703315e-09,D UW1 S
D,DIETSCHE,6.958143507882313e-09,D IY1 CH
G,GOOD,0.0004931749701786407,G UH1 D
G,GET,0.00031094763170706524,G EH1 T
G,GOD,0.0002684843902459474,G AA1 D
G,GOT,0.000145491390037827,G AA1 T
G,GUESS,2.1197958915358532e-05,G EH1 S
G,GOOSE,4.1977460016284755e-06,G UW1 S
G,GEESE,2.6054905785971335e-06,G IY1 S
G,GAR,1.3039262563131069e-06,G AA1 R
G,GAZ,1.0901281731996628e-06,G AA1 Z
G,GOODE,1.054834330671013e-06,G UH1 D
G,GHOSH,8.96326429832628e-07,G AA1 SH
G,GUERRE,8.494396864325465e-07,G EH1 R
G,GOTT,7.440727981390717e-07,G AA1 T
G,GED,7.092290146803971e-07,G EH1 D
G,GOOCH,5.80212248161448e-07,G UW1 CH
G,GOSH,5.487171244570166e-07,G AA1 SH
G,GOSSE,4.6555131466876214e-07,G AA1 S
G,GOTH,4.2608178504037523e-07,G AA1 TH
G,GOB,3.2319998375842126e-07,G AA1 B
G,GOON,2.9201224188821104e-07,G UW1 N
G,GARE,2.9050837376117467e-07,G EH1 R
G,GEEK,2.2381752941654194e-07,G IY1 K
G,GIES,1.99015720245558e-07,G IY1 Z
G,GERE,1.8416226907073477e-07,G IY1 R
G,GUTH,1.7569224748573867e-07,G UW1 TH
G,GAIR,1.5064162924047476e-07,G EH1 R
G,GHOUL,1.3406353568960617e-07,G UW1 L
G,GOLL,1.230833959990973e-07,G AA1 L
G,GOTCH,1.2174172936112877e-07,G AA1 CH
G,GOOF,1.1365518413608933e-07,G UW1 F
G,GOOS,1.0136992320484019e-07,G UW1 Z
G,GAAL,6.672188290118273e-08,G AA1 L
G,GOOK,5.5145001929905776e-08,G UH1 K
G,GAAR,4.8336043742215486e-08,G AA1 R
G,GEHL,4.739487460811816e-08,G EH1 L
G,GOOP,4.7386864658040735e-08,G UW1 P
G,GAEDE,4.503344120091758e-08,G IY1 D
G,GOOGE,4.0921333079920004e-08,G UW1 JH
G,GEAC,3.26720857439329e-08,G IY1 K
G,GOHN,2.2207085967778366e-08,G AA1 N
G,GOETTE,2.0951526293142144e-08,G EH1 T
G,GAETH,2.0278189864758685e-08,G IY1 TH
G,GUEZ,1.7755556212249944e-08,G EH1 Z
G,GOHLKE,1.7432655099753787e-08,G AA1 K
G,GHEEN,1.7283970401441602e-08,G IY1 N
G,GAHR,1.6402875892924955e-08,G AA1 R
G,GHEZ,1.42497011877374e-08,G EH1 Z
G,GOTSCH,1.2194648370998291e-08,G AA1 CH
G,GOCKE,1.1572875996238248e-08,G AA1 K
G,GOHR,9.4262093754886e-09,G AA1 R
G,GUEL,8.027471843218425e-09,G EH1 L
G,GOLLE,6.215220638201231e-09,G AA1 L
G,GOTTSCH,6.1040825808769725e-09,G AA1 CH
K,COULD,0.0007890252447272938,K UH1 D
K,CARE,0.0001939720379094121,K EH1 R
K,CAUSE,0.00017057863478106368,K AA1 Z
K,KEEP,0.00014012255629383506,K IY1 P
K,CAR,9.211480636300536e-05,K AA1 R
K,CAUGHT,3.503703201486431e-05,K AA1 T
K,COM,2.879789266448813e-05,K AA1 M
K,COOK,2.7170829502773462e-05,K UH1 K
K,CON,2.7145201166878865e-05,K AA1 N
K,COOL,2.3237890448217106e-05,K UW1 L
K,CHEM,1.970197408106399e-05,K EH1 M
K,CALM,1.5917021357297445e-05,K AA1 M
K,KEYS,1.1264353745374828e-05,K IY1 Z
K,KEEN,1.0860339873419635e-05,K IY1 N
K,COLL,8.403603078954103e-06,K AA1 L
K,KHAN,7.902346410571464e-06,K AA1 N
K,COMM,7.326483064680177e-06,K AA1 M
K,KEITH,6.952501499296527e-06,K IY1 TH
K,COCK,6.739162486446895e-06,K AA1 K
K,KEN,6.297204980353066e-06,K EH1 N
K,COD,5.767910983590042e-06,K AA1 D
K,COUGH,5.51775523645329e-06,K AA1 F
K,CARR,4.820823497629259e-06,K AA1 R
K,COOKE,4.0311044971083465e-06,K UH1 K
K,COP,3.7215069104470307e-06,K AA1 P
K,COBB,3.0033392921021085e-06,K AA1 B
K,CONN,2.7711713897298516e-06,K AA1 N
K,KEEL,2.2811366614056834e-06,K IY1 L
K,KAHN,2.2075892997947758e-06,K AA1 N
K,COT,2.0115773108282517e-06,K AA1 T
K,KUHN,1.9174834260249914e-06,K UW1 N
K,COOP,1.6122187217336824e-06,K UW1 P
K,KEENE,1.3390899371529985e-06,K IY1 N
K,KEYED,1.3074251026313017e-06,K IY1 D
K,KEYES,1.0797592928244374e-06,K IY1 Z
K,COON,1.0506726609839114e-06,K UW1 N
K,COB,9.674868263204634e-07,K AA1 B
K,KIEL,9.145320451148532e-07,K IY1 L
K,COEUR,9.001171387067689e-07,K UW1 R
K,COUR,8.609199473810145e-07,K UW1 R
K,KEAN,8.26757009678921e-07,K IY1 N
K,KOHN,8.149958998558634e-07,K AA1 N
K,KEANE,7.24764813477441e-07,K IY1 N
K,COUPE,6.479674146226185e-07,K UW1 P
K,KEG,6.211686247729567e-07,K EH1 G
K,KEEFE,5.972639300106444e-07,K IY1 F
K,COOS,5.854943096156293e-07,K UW1 S
K,COUPS,4.965978811688578e-07,K UW1 Z
K,KON,4.924527320037908e-07,K AA1 N
K,COTT,4.3780785133184423e-07,K AA1 T
K,KOK,4.222705506691609e-07,K AA1 K
K,KECK,4.1600176348981693e-07,K EH1 K
K,KOPP,3.8944927960503597e-07,K AA1 P
K,KELL,3.5499497996887624e-07,K EH1 L
K,COOTE,3.540377909346241e-07,K UW1 T
K,KEIL,3.4368192672827444e-07,K IY1 L
K,KEIR,3.300119456773906e-07,K IY1 R
K,COPP,3.207334197564545e-07,K AA1 P
K,KETCH,3.121582675766922e-07,K EH1 CH
K,COOT,2.815932993250017e-07,K UW1 T
K,KEELE,2.812708988343854e-07,K IY1 L
K,KUSH,2.7263617265092224e-07,K UH1 SH
K,KARR,2.7215107004935823e-07,K AA1 R
K,KOS,2.6215615421837254e-07,K AA1 S
K,KEM,2.4888767191511954e-07,K EH1 M
K,KOCK,2.483004424500684e-07,K AA1 K
K,CARRE,2.3987447559049814e-07,K AA1 R
K,QUICHE,2.1820906249670558e-07,K IY1 SH
K,COOED,2.1237781884034086e-07,K UW1 D
K,KOOL,2.048079153952953e-07,K UW1 L
K,KOT,2.021461088601913e-07,K AA1 T
K,COZ,2.0184473448852822e-07,K AA1 Z
K,CODD,1.9480348774859262e-07,K AA1 D
K,KEIM,1.912285469046623e-07,K IY1 M
K,KEES,1.8614373047113754e-07,K IY1 Z
K,CAUL,1.6695489381690855e-07,K AA1 L
K,KOOP,1.6272864390730768e-07,K UW1 P
K,KAHL,1.492739302647546e-07,K AA1 L
K,CAULK,1.4550124377828787e-07,K AA1 K
K,KOOK,1.4325295091593092e-07,K UW1 K
K,KOON,1.3671032356831497e-07,K UW1 N
K,KUEHN,1.3663673215197864e-07,K UW1 N
K,KAHLE,1.2561904582048184e-07,K AA1 L
K,KENN,1.1043618544872454e-07,K EH1 N
K,COOLE,1.0436914888695566e-07,K UW1 L
K,KOOS,1.026099636012014e-07,K UW1 Z
K,KEHL,1.0201672667359217e-07,K EH1 L
K,KEECH,9.55802311645021e-08,K IY1 CH
K,CAIRE,9.06360894792121e-08,K EH1 R
K,KUEHL,8.783911503655159e-08,K UH1 L
K,KETT,8.739756653853358e-08,K EH1 T
K,KHAT,8.674675809474288e-08,K AA1 T
K,KEHR,8.300310767730681e-08,K EH1 R
K,KOTT,7.238441698404171e-08,K AA1 T
K,KAAS,6.87994637025146e-08,K AA1 S
K,KOLL,6.634891960070268e-08,K AA1 L
K,KEACH,6.555293081175866e-08,K IY1 CH
K,KIEF,6.33456889435485e-08,K IY1 F
K,KOOB,5.841656591465366e-08,K UW1 B
K,KEESE,5.666288746957763e-08,K IY1 Z
K,QOM,5.650519157742835e-08,K AA1 M
K,KOSH,5.361059586819923e-08,K AA1 SH
K,KEITT,5.275102810051566e-08,K IY1 T
K,KOPPE,5.183589130416996e-08,K AA1 P
K,KAHR,4.8240424963166237e-08,K AA1 R
K,CAAN,4.5666227257034076e-08,K AA1 N
K,KEEFFE,4.466998971615446e-08,K IY1 F
K,KIEHL,4.3646718593763535e-08,K IY1 L
K,KUEHNE,4.358664396818286e-08,K UW1 N
K,KHEM,4.334434297834078e-08,K EH1 M
K,KESS,4.2267505314807083e-08,K EH1 S
K,KOLLE,4.209028516934408e-08,K AA1 L
K,KEAL,4.1512567520009865e-08,K IY1 L
K,KIESS,3.7436003552480856e-08,K IY1 S
K,KEEHN,3.2854312108194295e-08,K IY1 N
K,KHEEL,3.054093840145826e-08,K IY1 L
K,KEGG,2.7885139328912346e-08,K EH1 G
K,KOOR,2.6315689735617068e-08,K UW1 R
K,KOTH,2.536550940768264e-08,K AA1 TH
K,KEEF,2.4272651843994094e-08,K IY1 F
K,KOTCH,2.1708466575458717e-08,K AA1 CH
K,KIEHN,1.9819620222826158e-08,K IY1 N
K,KIENE,1.8118507075133222e-08,K IY1 N
K,KEETCH,1.708972911206407e-08,K IY1 CH
K,KEAS,1.6895487822686537e-08,K IY1 Z
K,KEHM,1.5197378406272635e-08,K EH1 M
K,KAHNG,1.493855689439587e-08,K AA1 NG
K,KEATH,1.1413177616569607e-08,K IY1 TH
K,KEPP,9.797170188449303e-09,K EH1 P
K,KEHN,9.74810924422508e-09,K EH1 N
K,KEETH,8.236731788991128e-09,K IY1 TH
K,TKACZ,7.0677796995670546e-09,K AA1 CH
K,COONE,5.714098136482388e-09,K UW1 N
K,KEHNE,4.038016082781404e-09,K EH1 N
K,KIEHNE,3.635015469511006e-09,K IY1 N
K,KAHRE,3.518871193388357e-09,K EH1 R
K,KUECK,3.2179974436051158e-09,K UW1 K
K,KOONE,2.4685664894861274e-09,K UW1 N
P,PUT,0.00022860728982714907,P UH1 T
P,POOR,0.00011321480308829511,P UW1 R
P,PEACE,9.54880256254296e-05,P IY1 S
P,PIECE,5.8358455228707594e-05,P IY1 S
P,PAIR,3.5986071425534585e-05,P EH1 R
P,PEAK,3.0399559778860446e-05,P IY1 K
P,PAR,2.4986421999746512e-05,P AA1 R
P,POOL,2.2849489470828453e-05,P UW1 L
P,PULL,2.0263294861967835e-05,P UH1 L
P,PEN,1.7881700410422376e-05,P EH1 N
P,PUSH,1.635482019743545e-05,P UH1 SH
P,PALM,1.372080818910013e-05,P AA1 M
P,POT,1.2694364625856666e-05,P AA1 T
P,POP,1.1437035252875213e-05,P AA1 P
P,PET,1.0124327588167852e-05,P EH1 T
P,PENN,6.936617267671115e-06,P EH1 N
P,PEAT,5.178961381759764e-06,P IY1 T
P,PEAS,5.01923847161901e-06,P IY1 Z
P,PEEL,4.906360252640431e-06,P IY1 L
P,PAS,4.56189034707329e-06,P AA1 Z
P,PEACH,4.396747203839519e-06,P IY1 CH
P,PETE,4.291799336059469e-06,P IY1 T
P,PECK,3.786262851226086e-06,P EH1 K
P,PEAR,3.6005476530840905e-06,P EH1 R
P,PEG,2.767423233715497e-06,P EH1 G
P,POOLE,2.374612778809222e-06,P UW1 L
P,POS,2.228838195484542e-06,P AA1 S
P,POD,2.0895807077916064e-06,P AA1 D
P,PALL,1.9449460404873196e-06,P AA1 L
P,PELL,1.456868243091442e-06,P EH1 L
P,PEASE,1.4471767041196386e-06,P IY1 Z
P,PAZ,1.4378290923792847e-06,P AA1 Z
P,PEEP,1.421092802314387e-06,P IY1 P
P,PARR,1.3332697071779903e-06,P AA1 R
P,PEEK,1.2262838077251161e-06,P IY1 K
P,PEP,1.1636705285917722e-06,P EH1 P
P,PENG,9.580375883385023e-07,P EH1 NG
P,PARE,9.01942406080662e-07,P EH1 R
P,PEAL,7.828084160916146e-07,P IY1 L
P,POORE,7.687344331837007e-07,P UW1 R
P,PON,6.148067219239627e-07,P AA1 N
P,POTT,5.809716915531638e-07,P AA1 T
P,POOP,5.402936607068455e-07,P UW1 P
P,PENH,5.220094477894856e-07,P EH1 N
P,PEALE,5.057968082108995e-07,P IY1 L
P,PIQUE,4.7053800921383845e-07,P IY1 K
P,PEAKE,4.400686597411972e-07,P IY1 K
P,PEET,4.0656053545793316e-07,P IY1 T
P,POSH,4.0194380048205786e-07,P AA1 SH
P,PUSS,3.727735647875988e-07,P UH1 S
P,PEELE,2.5758948143048114e-07,P IY1 L
P,POUL,2.2120578506942186e-07,P UW1 L
P,PUTSCH,2.056129153780764e-07,P UH1 CH
P,POCK,2.0048053986596694e-07,P AA1 K
P,PEED,1.8591244316265192e-07,P IY1 D
P,PALME,1.834283573948908e-07,P AA1 M
P,POON,1.7009078927222007e-07,P UW1 N
P,POPP,1.5651993135354434e-07,P AA1 P
P,PETT,1.4656706776046512e-07,P EH1 T
P,PAAR,1.4482740672802457e-07,P AA1 R
P,PUIG,1.446531903138406e-07,P UW1 G
P,PEINE,1.4366846707619727e-07,P IY1 N
P,PIEL,1.3090861660286075e-07,P IY1 L
P,PEGG,1.235995371572113e-07,P EH1 G
P,PAHL,1.1844963987930748e-07,P AA1 L
P,POOF,1.1786491352365552e-07,P UW1 F
P,PEES,1.0974232352326768e-07,P IY1 Z
P,PODGE,1.0941291432633361e-07,P AA1 JH
P,PELLE,1.0311158672480008e-07,P EH1 L
P,POPPE,8.81459962488929e-08,P AA1 P
P,PESCE,7.910326323336097e-08,P EH1 S
P,POOCH,7.799688887891677e-08,P UW1 CH
P,POCHE,7.391281558319019e-08,P AA1 CH
P,PECH,7.368252951846425e-08,P EH1 K
P,PEZ,6.427033755561114e-08,P EH1 Z
P,PIETSCH,6.190239606397264e-08,P IY1 CH
P,POOHED,6.09802505613092e-08,P UW1 D
P,POTH,5.9550474472489006e-08,P AA1 TH
P,PETH,5.889415918802007e-08,P EH1 TH
P,POG,5.568667480389158e-08,P AA1 G
P,PESCH,5.460132656840062e-08,P EH1 SH
P,PIETTE,4.8596867741611606e-08,P IY1 T
P,PESH,4.413582617036624e-08,P EH1 SH
P,PAEK,4.218840705779252e-08,P IY1 K
P,PEEVE,3.5940645997401757e-08,P IY1 V
P,POCH,3.36282735344254e-08,P AA1 K
P,PEETE,3.058499312688409e-08,P IY1 T
P,PEIL,2.940102238106485e-08,P IY1 L
P,PUETT,2.625561511003639e-08,P UW1 T
P,PIEHL,2.5687909898298957e-08,P IY1 L
P,PETSCH,2.3153261320674084e-08,P EH1 CH
P,PAAP,1.9694965374746246e-08,P AA1 P
P,PETSCHE,1.490351336280714e-08,P EH1 CH
P,PUCHE,1.4886992840772453e-08,P UW1 CH
P,PIECH,1.4430926308239121e-08,P IY1 CH
P,PAASCH,1.2042459319527233e-08,P AA1 SH
P,PUTH,1.1149850507774291e-08,P UW1 TH
P,PEHL,7.76865033134166e-09,P EH1 L
P,PAAPE,6.4625278468416984e-09,P AA1 P
P,PAETH,4.114611230396772e-09,P IY1 TH
P,PIGUE,3.121377420796188e-09,P IY1 G
T,TOOK,0.00019214948590859534,T UH1 K
T,TELL,0.00013266685971823715,T EH1 L
T,TEN,0.00011891483725430719,T EH1 N
T,TOP,0.00011175587678865565,T AA1 P
T,TEAM,5.257587902776954e-05,T IY1 M
T,TUBE,4.248618145751768e-05,T UW1 B
T,TOOL,3.449991730309444e-05,T UW1 L
T,TEETH,3.125564722323537e-05,T IY1 TH
T,TEL,2.9812545581217626e-05,T EH1 L
T,TOM,2.6700002634734958e-05,T AA1 M
T,TEACH,2.6591881324858606e-05,T IY1 CH
T,TOUR,1.763653986840266e-05,T UH1 R
T,TECH,1.2230513423091837e-05,T EH1 K
T,TOOTH,1.0865109298068861e-05,T UW1 TH
T,TEAR,1.0104489444935471e-05,T EH1 R
T,TOMB,8.526958312633954e-06,T UW1 M
T,TUNE,7.860178028388864e-06,T UW1 N
T,TAR,7.620815688981442e-06,T AA1 R
T,TED,6.916301531165369e-06,T EH1 D
T,TODD,5.373979135672928e-06,T AA1 D
T,TIER,4.998215356397051e-06,T IY1 R
T,TEEN,3.3928146040448957e-06,T IY1 N
T,TURE,2.4701484546264186e-06,T UH1 R
T,TAL,2.0691222940501054e-06,T AA1 L
T,TOT,1.978851658543176e-06,T AA1 T
T,TESS,1.3403079501866468e-06,T EH1 S
T,TENN,1.3267030499801421e-06,T EH1 N
T,TEAS,1.2279994389073246e-06,T IY1 Z
T,TEASE,1.207142029527592e-06,T IY1 Z
T,THOM,1.048481939637736e-06,T AA1 M
T,TOD,1.0318027204671399e-06,T AA1 D
T,TEES,1.0045148230408754e-06,T IY1 Z
T,TEAK,8.77812431472422e-07,T IY1 K
T,TEC,8.309957751355178e-07,T EH1 K
T,TEAL,7.832840068774616e-07,T IY1 L
T,TOOKE,7.675629779848774e-07,T UH1 K
T,TEAGUE,6.780818231824539e-07,T IY1 G
T,TET,6.448345228985859e-07,T EH1 T
T,TENG,5.884129351750908e-07,T EH1 NG
T,TEAT,5.636196365760641e-07,T IY1 T
T,TWOS,5.191979553123098e-07,T UW1 Z
T,TAJ,4.900056922551378e-07,T AA1 ZH
T,TETE,4.897318520868658e-07,T EH1 T
T,TOUCHE,4.2873007478472357e-07,T UW1 SH
T,TARR,3.68497252690014e-07,T AA1 R
T,TOTH,3.5109813925620945e-07,T AA1 TH
T,TEK,3.425725486425512e-07,T EH1 K
T,TOOLE,3.2983072055688885e-07,T UW1 L
T,TOOT,2.9898940902752723e-07,T UW1 T
T,TUDE,2.9090486629000715e-07,T UW1 D
T,TEED,2.7691999407670455e-07,T IY1 D
T,TEEM,2.3305450372145138e-07,T IY1 M
T,TOON,2.228838696106422e-07,T UW1 N
T,TOCK,2.1761582556909635e-07,T AA1 K
T,TEEL,1.8604260485141008e-07,T IY1 L
T,TEALE,1.856115694128687e-07,T IY1 L
T,TECK,1.829933169813107e-07,T EH1 K
T,TEPE,1.793287648208892e-07,T IY1 P
T,TUK,1.6273615323550526e-07,T UW1 K
T,TOSH,1.3884097028890977e-07,T AA1 SH
T,TUSH,1.324495307490052e-07,T UH1 SH
T,TOPP,1.1812223316989276e-07,T AA1 P
T,TOONE,1.0586500706391459e-07,T UW1 N
T,TOLLE,9.687884432080448e-08,T AA1 L
T,TEAC,9.242330959023735e-08,T IY1 K
T,TAAFFE,8.309872645635607e-08,T AA1 F
T,TEARE,7.831528439449438e-08,T IY1 R
T,TEET,7.659765072476676e-08,T IY1 T
T,TONN,6.701174296960952e-08,T AA1 N
T,TEALL,6.127211311725535e-08,T IY1 L
T,TESCH,6.09391995671624e-08,T EH1 SH
T,TAGUE,5.895473443548059e-08,T AA1 G
T,TUITE,5.514850628306465e-08,T UW1 T
T,TEELE,5.153201382310768e-08,T IY1 L
T,TESE,4.5256718559325775e-08,T IY1 S
T,TIEDE,3.324129282130985e-08,T IY1 D
T,TESH,3.1539178429857236e-08,T EH1 SH
T,TUEL,2.6453360752572793e-08,T UW1 L
T,TEIG,2.182260836406201e-08,T IY1 G
T,TIGUE,2.0886445448763074e-08,T IY1 G
T,TEBBE,1.815505247236147e-08,T EH1 B
T,TUELL,1.7942288173429892e-08,T UW1 L
T,TEMME,1.7578836688666776e-08,T EH1 M
T,TOOTE,8.61269882075022e-09,T UW1 T
T,TEETHE,8.104066990833792e-09,T IY1 DH
T,TEGGE,4.770926514865705e-09,T EH1 G
T,TUYLE,3.9924594917160545e-09,T UW1 L
