TestedPhoneme,Word,Frequency,ARPAbetTranscription,NeighborhoodDensity
B,OBEY,9.260620178159893e-06,OW0 B EY1,21
B,IB,7.898540683040928e-06,AY1 B IY1,18
B,ABBEY,7.339125769633631e-06,AE1 B IY0,36
B,ABU,3.7819980534317373e-06,AE1 B UW0,11
B,ABBE,1.2286657666293903e-06,AE0 B EY1,14
B,UBER,9.878160796169655e-07,UW1 B ER0,18
B,ABER,8.123190746643641e-07,EY1 B ER0,31
B,ABO,7.957845352170416e-07,AA1 B OW0,19
B,ABBA,6.339074491273401e-07,AE1 B AH0,22
B,OBOE,6.211886496481503e-07,OW1 B OW0,16
B,EBAY,5.715885356593413e-07,IY1 B EY2,8
B,IBA,4.905743987106349e-07,IY1 B AH0,21
B,OBER,4.738245918549815e-07,OW1 B ER0,32
B,ABOU,3.6012585361534617e-07,AH0 B UW1,8
B,OBA,2.8690089249505477e-07,OW1 B AH0,18
B,EBY,2.2071918060221835e-07,IY1 B IY0,28
B,EBER,2.1852445428100414e-07,EH1 B ER0,35
B,IRBY,1.8778827334640868e-07,ER1 B IY0,23
B,AUBER,1.302738280592249e-07,AO1 B ER0,15
B,OBIE,8.9377025451417e-08,OW1 B IY0,31
B,EBBA,6.096673377055355e-08,EH1 B AH0,19
B,EBAUGH,4.495334170014334e-08,EH1 B AO0,8
B,ERBER,3.3831025395760195e-08,ER1 B ER0,23
B,EBEY,2.663008027615596e-08,EH1 B IY0,27
B,ABEE,2.0231131408053817e-08,AH0 B IY1,20
B,CABOK,1.5869713590896418e-10,AE1 B OW0,23
D,AD,4.606119789535186e-05,EY2 D IY1,42
D,ID,3.396578679835029e-05,AY1 D IY1,29
D,ODOR,5.385144505458977e-06,OW1 D ER0,34
D,ADA,4.7820758647515995e-06,EY1 D AH0,30
D,EDDY,4.2526947597814846e-06,EH1 D IY0,40
D,IDA,4.027484500295231e-06,AY1 D AH0,26
D,ADO,1.355295568025267e-06,AH0 D UW1,10
D,ODA,1.27614875068836e-06,OW1 D AH0,34
D,URDU,1.1144178461875714e-06,ER0 D UW1,6
D,EDO,7.954340999011543e-07,IY1 D OW0,18
D,EDA,7.703103908614338e-07,IY1 D AH0,30
D,EDI,7.690998871559831e-07,IY1 D IY0,39
D,ADDER,6.870419535878124e-07,AE1 D ER0,29
D,ADDIE,5.580607312223318e-07,AE1 D IY0,39
D,AUDI,5.290011329633171e-07,AO1 D IY0,25
D,AUDI,5.290011329633171e-07,AW1 D IY0,20
D,EDER,3.6426349345221556e-07,EH1 D ER0,38
D,IDO,3.042334232188408e-07,IY1 D OW2,18
D,ADY,2.0161645091132165e-07,EY1 D IY0,42
D,UDO,1.5959274845199616e-07,UW1 D OW2,14
D,ADAH,1.581059014688743e-07,AE1 D AA0,7
D,ADER,1.1317158340016486e-07,EY1 D ER0,35
D,ODDER,9.79957317347253e-08,AA1 D ER0,23
D,ODDI,8.980505715867935e-08,AA1 D IY0,33
D,ODDI,8.980505715867935e-08,OW1 D IY0,38
D,ADAY,8.433876685271728e-08,AH0 D EY1,11
D,ADEE,8.373051126871289e-08,AH0 D IY1,28
D,UDAY,7.669627323509505e-08,UW1 D EY0,11
D,ODAY,7.090007311031906e-08,OW0 D EY1,19
D,UHDE,5.0209370816573036e-08,UW1 D AH0,24
D,EADER,3.346707328911724e-08,IY1 D ER0,29
D,URDA,1.0883519667699941e-08,ER1 D AH0,17
G,AGO,9.020362576644753e-05,AH0 G OW1,9
G,EAGER,1.1263168272763369e-05,IY1 G ER0,25
G,AG,1.006820136735346e-05,EY1 G IY1,26
G,EGO,8.111388085204557e-06,IY1 G OW0,19
G,EG,3.999050679386015e-06,IY2 G IY1,15
G,AGAR,3.7359858964557346e-06,EY1 G ER0,32
G,AUGER,1.4997740413030438e-06,AO1 G ER0,14
G,AGA,8.062625511620719e-07,AA1 G AH0,14
G,ERGO,6.78087830645012e-07,ER1 G OW0,8
G,OGRE,3.9427627577044364e-07,OW1 G ER0,23
G,AGGIE,3.232160036585761e-07,AE1 G IY0,24
G,EGGER,1.8520456382455957e-07,EH1 G ER0,38
G,IGER,4.1769386544367276e-08,AY1 G ER0,25
G,IGOU,8.39693079053961e-09,IH2 G UW1,6
K,OCCUR,7.403716855627656e-05,AH0 K ER1,33
K,ACRE,2.6311530068417486e-05,EY1 K ER0,37
K,OKAY,1.7525346242049736e-05,OW2 K EY1,21
K,OK,1.0612467963298709e-05,OW1 K EY1,21
K,ECHO,7.981770572429802e-06,EH1 K OW0,23
K,ECO,2.20281887390179e-06,IY1 K OW0,31
K,EK,1.3023087470193472e-06,IY1 K EY1,12
K,AKA,8.739271050629915e-07,AA1 K AH0,24
K,ACA,7.871152661238695e-07,AE1 K AH0,28
K,OCHRE,7.480627545213886e-07,OW1 K ER0,41
K,ACKER,4.396531435809308e-07,AE1 K ER0,44
K,OKA,3.7739931095731115e-07,OW1 K AH0,28
K,AKI,2.923801989698927e-07,AA1 K IY0,34
K,ACCO,2.5143033044282184e-07,AE1 K OW0,32
K,OKI,2.0802040599822218e-07,OW1 K IY0,35
K,ECKER,1.8190096003950199e-07,EH1 K ER0,48
K,EICHER,1.1638807897813045e-07,AY1 K ER0,32
K,EAKER,1.0743645914472923e-07,IY1 K ER0,32
K,EKA,9.393018144855275e-08,EH1 K AH0,21
K,AKAI,7.012010422152989e-08,AH0 K AY1,7
K,ACHY,6.87879493992783e-08,EY1 K IY0,34
K,OCAW,6.770410302942686e-08,OW0 K AO1,10
K,AAKER,5.402461016282609e-08,AA1 K ER0,34
K,IKEY,5.249971591683648e-08,IH1 K IY0,28
K,UECKER,2.4798805439704888e-08,UH1 K ER0,19
K,AKEY,2.326990621867657e-08,AH0 K IY1,26
K,AUKER,1.314532932081256e-08,AO1 K ER0,23
K,ERKER,1.0324825649799612e-08,ER1 K ER0,25
P,UPPER,9.01715844642722e-05,AH1 P ER0,16
P,AP,1.3233536893552672e-05,EY2 P IY1,28
P,IP,6.8443972105640925e-06,AY2 P IY2,13
P,IP,6.8443972105640925e-06,IH1 P IY1,28
P,OPIE,3.1159456733999346e-07,OW1 P IY2,19
P,OPPER,7.85991370003631e-08,AA1 P ER0,23
T,OUTER,3.272996113759545e-05,AW1 T ER0,21
T,EIGHTY,1.4668571514598695e-05,EY1 T IY0,41
T,OT,1.4071331614438284e-05,OW1 T IY1,31
T,AUTO,1.3611131447043121e-05,AO1 T OW0,10
T,UTTER,8.2207709622181e-06,AH1 T ER0,30
T,OTTO,5.8739712331870945e-06,AA1 T OW2,24
T,OTTER,2.037882988126272e-06,AA1 T ER0,33
T,ITO,1.6641472280856226e-06,IY1 T OW0,30
T,ITO,1.6641472280856226e-06,IY1 T OW2,30
T,ITA,1.5750069967833694e-06,AY1 T AH0,21
T,ATA,1.334505241977433e-06,AA1 T AH0,32
T,EATER,9.694267361048396e-07,IY1 T ER0,35
T,OTA,8.44189164156795e-07,OW1 T AH0,30
T,ATER,5.161361518952144e-07,EY1 T ER0,36
T,ETTA,4.977653313926424e-07,EH1 T AH0,34
T,OUTTA,3.887729394453735e-07,UW1 T AH0,15
T,OUTTA,3.887729394453735e-07,AW1 T AH0,16
T,ATTA,3.614780333127913e-07,AE1 T AH0,25
T,ETTER,2.7133105141018193e-07,EH1 T ER0,45
T,OUGHTA,1.4180565306131635e-07,AO1 T AH0,16
T,ETTY,1.0744847406984537e-07,EH1 T IY0,40
T,OTEY,6.056273191352347e-08,OW1 T IY0,31
T,ITTY,4.4794143942354534e-08,IH1 T IY0,37
T,ATTIE,3.6921864881886203e-08,AE1 T IY0,37
T,ERTE,1.637183733637494e-08,ER1 T EY0,7
